[{"id":"62895385006567@s.whatsapp.net","uang":2270},{"id":"6281211654295@s.whatsapp.net","uang":1122},{"id":"6285326707899@s.whatsapp.net","uang":1312},{"id":"60179426472@s.whatsapp.net","uang":1029},{"id":"6285776273408@s.whatsapp.net","uang":1028},{"id":"6281262237767@s.whatsapp.net","uang":1001},{"id":"6282113453731@s.whatsapp.net","uang":1112},{"id":"6282185080407@s.whatsapp.net","uang":1069},{"id":"6285770583758@s.whatsapp.net","uang":1042},{"id":"6289643219412@s.whatsapp.net","uang":1031},{"id":"6283875121917@s.whatsapp.net","uang":1046},{"id":"6283862237045@s.whatsapp.net","uang":1113},{"id":"6281230690468@s.whatsapp.net","uang":1268},{"id":"6283898512488@s.whatsapp.net","uang":1057},{"id":"994402068523@s.whatsapp.net","uang":1055},{"id":"6283801779654@s.whatsapp.net","uang":1031},{"id":"6285810687449@s.whatsapp.net","uang":1042},{"id":"62895627413377@s.whatsapp.net","uang":1093},{"id":"6283845138441@s.whatsapp.net","uang":1005},{"id":"6282337093110@s.whatsapp.net","uang":1031}]